size_tabu,nb_iteration,avg_fitness,min_fitness,max_fitness,avg_iteration,min_iteration,max_iteration,avg_duration,min_duration,max_duration,avg_truck_removed,avg_truck,min_truck,max_truck,avg_relocate (%),avg_2_opt (%)
16,0,4876.628798089841,4876.628798089841,4876.628798089841,0.0,0,0,0.0,0.0,0.0,0.0,9.0,9,9,0,0
16,40,2074.692272441923,2074.692272441923,2074.692272441923,40.0,40,40,545.1559557914734,545.1559557914734,545.1559557914734,1.0,9.0,9,9,100.0,0.0
16,160,1519.664014789701,1519.664014789701,1519.664014789701,149.0,149,149,2403.2382493019104,2403.2382493019104,2403.2382493019104,2.0,7.0,7,7,95.9732,4.0268
64,0,4286.599327763266,4286.599327763266,4286.599327763266,0.0,0,0,0.0,0.0,0.0,0.0,10.0,10,10,0,0
64,40,2060.3170962232184,2060.3170962232184,2060.3170962232184,40.0,40,40,533.7140336036682,533.7140336036682,533.7140336036682,2.0,8.0,8,8,100.0,0.0
64,160,1272.2939354126306,1272.2939354126306,1272.2939354126306,160.0,160,160,3095.5349848270416,3095.5349848270416,3095.5349848270416,0.0,9.0,9,9,93.75,6.25
